Timestamp,T1_Unity_Send,T2_ROS_Recv,T3_Cmd_Send,T4_Motion_Start,T5_Target_Reached,Network_Delay_ms,Decision_Delay_ms,Command_Latency_ms,Robot_Response_ms,Motion_Time_ms,Motion_Execution_ms,True_End_to_End_ms,Q_Target_J1,Q_Target_J2,Q_Target_J3,Q_Target_J4,Q_Final_J1,Q_Final_J2,Q_Final_J3,Q_Final_J4,Final_Error_rad,Max_Joint_Error_rad,Velocity_at_Arrival_rad_s,Is_Valid_Arrival
1769695624.6326,0.0000,0.0000,1769695624.6132,0.0000,1769695624.6326,0.00,1769695624613.16,1769695624613.16,0.00,19.42,19.42,1769695624632.58,0.000000,0.000000,0.000000,0.000000,0.000000,0.000000,0.000000,0.000000,0.000000,0.000000,0.000000,True
1769695720.4335,1769695719.6005,1769695719.6022,1769695720.1351,1769695720.1536,1769695720.4335,1.69,532.98,534.67,18.42,279.98,298.40,833.07,-0.335541,0.497529,-0.402179,0.325116,-0.335541,0.497529,-0.402180,0.325116,0.000001,0.000001,0.000000,True
1769695791.4922,1769695790.5700,1769695790.5706,1769695790.9923,1769695791.0128,1769695791.4922,0.62,421.71,422.33,20.53,479.32,499.85,922.18,0.366475,0.340141,0.249306,-0.093576,0.366476,0.340140,0.249306,-0.093576,0.000001,0.000001,0.000000,True
1769695972.9738,1769695972.2721,1769695972.2742,1769695972.4930,1769695972.5121,1769695972.9738,2.12,218.77,220.89,19.10,461.71,480.80,701.70,0.344469,0.244535,-0.155064,0.199710,0.344469,0.244535,-0.155064,0.199709,0.000001,0.000001,0.000000,True
1769695979.3736,1769695978.6240,1769695978.6249,1769695978.6344,1769695978.6741,1769695979.3736,0.90,9.57,10.47,39.68,699.44,739.12,749.59,0.000000,0.000000,0.000000,0.000000,0.000000,-0.000000,-0.000000,0.000000,0.000000,0.000000,0.001889,True
1769695989.6528,1769695988.3722,1769695988.3751,1769695988.3962,1769695988.4138,1769695989.6528,2.87,21.11,23.97,17.62,1239.05,1256.67,1280.64,2.792525,0.000000,0.000000,0.000000,2.792525,-0.000000,-0.000000,0.000000,0.000000,0.000000,0.000000,True
1769696006.0737,1769696001.7310,1769696001.7317,1769696001.7535,1769696001.7737,1769696006.0737,0.68,21.83,22.51,20.19,4299.95,4320.14,4342.65,-2.792525,0.000000,0.000000,0.000000,-2.792525,-0.000000,-0.000000,0.000000,0.000000,0.000000,0.000000,True
1769696011.1940,1769696010.9127,1769696010.9152,1769696010.9325,1769696010.9530,1769696011.1940,2.45,17.28,19.73,20.57,240.96,261.53,281.26,0.575959,0.000000,0.000000,0.000000,0.575959,-0.000000,-0.000000,0.000000,0.000000,0.000000,0.000000,True
1769696012.3520,1769696012.1717,1769696012.1720,1769696012.1722,1769696012.1931,1769696012.3520,0.34,0.24,0.58,20.87,158.90,179.77,180.35,0.558505,0.000000,0.000000,0.000000,0.558505,-0.000000,-0.000000,0.000000,0.000000,0.000000,0.002257,True
1769696012.6322,1769696012.4118,1769696012.4131,1769696012.4326,1769696012.4523,1769696012.6322,1.28,19.52,20.79,19.66,179.93,199.59,220.38,0.541052,0.000000,0.000000,0.000000,0.541052,-0.000000,-0.000000,0.000000,0.000000,0.000000,0.000000,True
1769696013.1741,1769696012.9715,1769696012.9719,1769696012.9722,1769696012.9931,1769696013.1741,0.45,0.22,0.67,20.90,181.06,201.95,202.63,0.558505,0.000000,0.000000,0.000000,0.558505,-0.000000,-0.000000,0.000000,0.000000,0.000000,0.000000,True
1769696013.9321,1769696013.6529,1769696013.6545,1769696013.6728,1769696013.6931,1769696013.9321,1.61,18.29,19.90,20.29,239.07,259.37,279.26,0.610865,0.000000,0.000000,0.000000,0.610865,-0.000000,-0.000000,0.000000,0.000000,0.000000,0.000000,True
1769696016.4724,1769696016.2544,1769696016.2549,1769696016.2743,1769696016.2933,1769696016.4724,0.46,19.40,19.86,19.05,179.04,198.10,217.95,0.034907,0.000000,0.000000,0.000000,0.034907,-0.000000,-0.000000,0.000000,0.000000,0.000000,0.000000,True
1769696017.5534,1769696017.3512,1769696017.3519,1769696017.3521,1769696017.3731,1769696017.5534,0.70,0.22,0.92,20.99,180.28,201.26,202.19,0.017453,0.000000,0.000000,0.000000,0.017453,-0.000000,-0.000000,0.000000,0.000000,0.000000,0.000000,True
1769696017.8520,1769696017.6349,1769696017.6353,1769696017.6539,1769696017.6724,1769696017.8520,0.38,18.63,19.01,18.44,179.62,198.06,217.07,0.000000,0.000000,0.000000,0.000000,0.000000,-0.000000,-0.000000,0.000000,0.000000,0.000000,0.000000,True
1769696027.9927,1769696026.7969,1769696026.8004,1769696026.8143,1769696026.8328,1769696027.9927,3.52,13.90,17.42,18.50,1159.85,1178.35,1195.77,0.000000,1.047198,0.000002,0.000000,0.000000,1.047198,-0.000000,0.000000,0.000002,0.000002,0.000000,True
1769696030.1923,1769696028.6331,1769696028.6338,1769696028.6533,1769696028.6721,1769696030.1923,0.65,19.49,20.14,18.82,1520.21,1539.03,1559.17,0.000000,-0.436331,0.000000,0.000000,0.000000,-0.436331,-0.000000,0.000000,0.000000,0.000000,0.000000,True
1769696031.8124,1769696030.6511,1769696030.6514,1769696030.6530,1769696030.6730,1769696031.8124,0.34,1.55,1.89,20.04,1139.38,1159.41,1161.30,0.000000,0.383972,0.000000,0.000000,0.000000,0.383972,-0.000000,0.000000,0.000000,0.000000,0.000000,True
1769696033.9756,1769696033.4934,1769696033.4938,1769696033.5142,1769696033.5321,1769696033.9756,0.40,20.35,20.75,17.87,443.55,461.42,482.16,0.000000,0.226893,0.000000,0.000000,0.000000,0.226893,-0.000000,0.000000,0.000000,0.000000,0.000000,True
1769696034.4732,1769696034.0912,1769696034.0916,1769696034.1124,1769696034.1342,1769696034.4732,0.39,20.76,21.15,21.81,338.95,360.76,381.91,0.000000,0.174533,0.000000,0.000000,0.000000,0.174533,-0.000000,0.000000,0.000000,0.000000,0.000000,True
1769696035.0150,1769696034.7348,1769696034.7378,1769696034.7546,1769696034.7720,1769696035.0150,2.92,16.84,19.77,17.43,242.97,260.41,280.17,0.000000,0.139626,0.000000,0.000000,0.000000,0.139626,-0.000000,0.000000,0.000000,0.000000,0.001730,True
1769696036.5322,1769696036.1902,1769696036.1906,1769696036.2133,1769696036.2347,1769696036.5322,0.37,22.79,23.15,21.34,297.49,318.83,341.98,0.000000,0.000000,0.000000,0.000000,0.000000,0.000000,-0.000000,0.000000,0.000000,0.000000,0.002188,True
1769696039.9931,1769696038.6447,1769696038.6501,1769696038.6525,1769696038.6722,1769696039.9931,5.38,2.37,7.75,19.67,1320.96,1340.64,1348.39,0.000000,0.000000,1.047196,0.000000,0.000000,0.000000,1.047196,0.000000,0.000000,0.000000,0.000000,True
1769696042.7531,1769696041.9733,1769696041.9768,1769696041.9924,1769696042.0141,1769696042.7531,3.48,15.62,19.10,21.65,739.03,760.68,779.78,0.000000,0.000000,-0.383972,0.000000,0.000000,0.000000,-0.383972,0.000000,0.000000,0.000000,0.000000,True
1769696046.4920,1769696045.3542,1769696045.3550,1769696045.3723,1769696045.3951,1769696046.4920,0.79,17.36,18.16,22.76,1096.94,1119.70,1137.86,0.000000,0.000000,-0.069813,0.000000,0.000000,0.000000,-0.069813,0.000000,0.000000,0.000000,0.000000,True
1769696056.6924,1769696052.2306,1769696052.2327,1769696052.2576,1769696052.2741,1769696056.6924,2.13,24.90,27.02,16.48,4418.29,4434.77,4461.79,-2.792525,0.000000,-0.069813,0.000000,-2.792525,0.000000,-0.069813,0.000000,0.000000,0.000000,0.000000,True
1769696061.9720,1769696061.6916,1769696061.6921,1769696061.7122,1769696061.7322,1769696061.9720,0.46,20.08,20.54,20.02,239.84,259.86,280.40,0.017453,0.000000,-0.069813,0.000000,0.017453,0.000000,-0.069813,0.000000,0.000000,0.000000,0.000000,True
1769696063.4331,1769696063.2123,1769696063.2163,1769696063.2322,1769696063.2537,1769696063.4331,4.00,15.83,19.83,21.50,179.39,200.89,220.72,0.000000,0.000000,-0.069813,0.000000,0.000000,0.000000,-0.069813,0.000000,0.000000,0.000000,0.000000,True
1769696067.7925,1769696065.8927,1769696065.8930,1769696065.9130,1769696065.9321,1769696067.7925,0.28,20.04,20.31,19.12,1860.34,1879.46,1899.77,2.076942,0.000000,-0.069813,0.000000,2.076942,0.000000,-0.069813,0.000000,0.000000,0.000000,0.001989,True
1769696070.5750,1769696070.2191,1769696070.2196,1769696070.2332,1769696070.2551,1769696070.5750,0.45,13.62,14.07,21.91,319.94,341.85,355.92,2.565634,0.000000,-0.069813,0.000000,2.565634,0.000000,-0.069813,0.000000,0.000000,0.000000,0.000000,True
1769696071.3922,1769696070.7752,1769696070.7778,1769696070.7959,1769696070.8125,1769696071.3922,2.65,18.10,20.75,16.60,579.68,596.28,617.03,2.792525,0.000000,-0.069813,0.000000,2.792525,0.000000,-0.069813,0.000000,0.000000,0.000000,0.002009,True
1769696093.2722,1769696092.5300,1769696092.5304,1769696092.5524,1769696092.5724,1769696093.2722,0.37,22.00,22.36,20.05,699.80,719.85,742.21,0.104720,0.000000,-0.069813,0.000000,0.104720,0.000000,-0.069813,0.000000,0.000000,0.000000,0.000000,True
1769696096.4761,1769696095.9116,1769696095.9120,1769696095.9122,1769696095.9323,1769696096.4761,0.37,0.25,0.62,20.06,543.81,563.86,564.49,-0.122173,0.000000,-0.069813,0.000000,-0.122173,0.000000,-0.069813,0.000000,0.000000,0.000000,0.001725,True
1769696096.9922,1769696096.7708,1769696096.7722,1769696096.7922,1769696096.8125,1769696096.9922,1.40,20.03,21.43,20.25,179.72,199.97,221.40,-0.087266,0.000000,-0.069813,0.000000,-0.087266,0.000000,-0.069813,0.000000,0.000000,0.000000,0.002207,True
1769696097.4922,1769696097.2752,1769696097.2772,1769696097.2922,1769696097.3130,1769696097.4922,1.94,15.01,16.95,20.82,179.19,200.01,216.96,-0.052360,0.000000,-0.069813,0.000000,-0.052360,0.000000,-0.069813,0.000000,0.000000,0.000000,0.000000,True
1769696097.8920,1769696097.7115,1769696097.7118,1769696097.7121,1769696097.7331,1769696097.8920,0.29,0.26,0.54,20.99,158.93,179.92,180.46,-0.034907,0.000000,-0.069813,0.000000,-0.034907,0.000000,-0.069813,0.000000,0.000000,0.000000,0.002497,True
1769696098.1351,1769696097.9501,1769696097.9507,1769696097.9521,1769696097.9755,1769696098.1351,0.56,1.44,2.00,23.34,159.67,183.00,185.00,-0.017453,0.000000,-0.069813,0.000000,-0.017453,0.000000,-0.069813,0.000000,0.000000,0.000000,0.002160,True
1769696098.5753,1769696098.3700,1769696098.3703,1769696098.3722,1769696098.3932,1769696098.5753,0.32,1.81,2.14,21.02,182.18,203.19,205.33,0.000000,0.000000,-0.069813,0.000000,0.000000,0.000000,-0.069813,0.000000,0.000000,0.000000,0.000000,True
1769696121.9152,1769696119.4352,1769696119.4380,1769696119.4546,1769696119.4921,1769696121.9152,2.81,16.66,19.47,37.51,2423.03,2460.54,2480.00,2.792525,0.000000,0.000000,0.000000,2.792525,0.000000,0.000000,0.000000,0.000000,0.000000,0.000000,True
1769696129.5351,1769696125.1489,1769696125.1545,1769696125.1735,1769696125.2322,1769696129.5351,5.62,18.99,24.60,58.68,4302.93,4361.61,4386.21,-2.792525,0.000000,0.000000,0.000000,-2.792525,0.000000,0.000000,0.000000,0.000000,0.000000,0.000000,True
1769696136.0723,1769696133.2684,1769696133.2688,1769696133.2722,1769696133.3122,1769696136.0723,0.45,3.43,3.87,39.92,2760.15,2800.07,2803.94,0.506145,0.000000,0.000000,0.000000,0.506145,0.000000,0.000000,0.000000,0.000000,0.000000,0.000000,True
1769696139.7346,1769696138.7702,1769696138.7733,1769696138.7931,1769696138.8331,1769696139.7346,3.13,19.85,22.98,39.93,901.49,941.42,964.40,-0.069813,0.000000,0.000000,0.000000,-0.069813,0.000000,0.000000,0.000000,0.000000,0.000000,0.002616,True
1769696144.0121,1769696142.7105,1769696142.7153,1769696142.7322,1769696142.7721,1769696144.0121,4.71,16.92,21.63,39.91,1240.03,1279.93,1301.57,-0.069813,1.047198,0.000002,0.000000,-0.069813,1.047198,0.000000,0.000000,0.000002,0.000002,0.000000,True
1769696148.0531,1769696146.8725,1769696146.8737,1769696146.8921,1769696146.9341,1769696148.0531,1.26,18.37,19.63,41.96,1119.07,1161.03,1180.67,-0.069813,0.157080,0.000000,0.000000,-0.069813,0.157080,0.000000,0.000000,0.000000,0.000000,0.002612,True
1769696157.4161,1769696156.8845,1769696156.8849,1769696156.8922,1769696156.9121,1769696157.4161,0.39,7.36,7.75,19.87,504.01,523.88,531.63,0.000000,0.000000,0.000000,0.000000,-0.000000,-0.000000,0.000000,0.000000,0.000000,0.000000,0.000000,True
1769696167.7722,1769696166.5645,1769696166.5682,1769696166.5731,1769696166.5946,1769696167.7722,3.65,4.91,8.56,21.45,1177.62,1199.07,1207.62,-0.060928,-0.021579,0.000000,0.000000,-0.060928,-0.021579,0.000000,0.000000,0.000001,0.000001,0.000000,True
1769696182.7523,1769696182.0043,1769696182.0047,1769696182.0133,1769696182.0321,1769696182.7523,0.34,8.61,8.95,18.87,720.20,739.06,748.02,-0.020309,-0.053947,0.000000,0.000000,-0.020309,-0.053946,0.000000,0.000000,0.000001,0.000001,0.000000,True
1769696183.8141,1769696183.4311,1769696183.4319,1769696183.4321,1769696183.4531,1769696183.8141,0.73,0.30,1.02,20.97,360.97,381.94,382.96,0.020309,-0.005395,0.000000,0.000000,0.020309,-0.005395,0.000000,0.000000,0.000001,0.000001,0.000000,True
1769696183.9520,1769696183.9124,1769696183.9143,1769696183.9323,1769696183.9520,1769696183.9520,1.89,17.95,19.85,19.76,0.00,19.76,39.60,0.020309,0.000000,0.000000,0.000000,0.020309,-0.005353,0.000000,0.000000,0.005353,0.005353,0.002120,False
1769696184.1721,1769696183.9474,1769696183.9479,1769696183.9578,1769696183.9726,1769696184.1721,0.44,9.94,10.37,14.79,199.48,214.27,224.64,0.020309,0.005395,0.000000,0.000000,0.020309,0.005395,0.000000,0.000000,0.000001,0.000001,0.000000,True
1769696184.3721,1769696184.2095,1769696184.2103,1769696184.2142,1769696184.2520,1769696184.3721,0.78,3.87,4.65,37.86,120.11,157.97,162.62,0.010155,0.005395,0.000000,0.000000,0.010154,0.005395,0.000000,0.000000,0.000000,0.000000,0.000000,True
1769696189.1955,1769696188.9864,1769696188.9870,1769696188.9932,1769696189.0122,1769696189.1955,0.55,6.21,6.76,18.97,183.31,202.29,209.04,-0.030464,-0.021579,0.000000,0.000000,-0.030465,-0.021579,0.000000,0.000000,0.000001,0.000001,0.001873,True
1769696192.7922,1769696190.4081,1769696190.4091,1769696190.4149,1769696190.4363,1769696192.7922,0.98,5.78,6.76,21.46,2355.84,2377.30,2384.06,-2.782372,-0.436331,0.000000,0.000000,-2.782372,-0.436331,0.000000,0.000000,0.000000,0.000000,0.000000,True
